{
    "width": 1280,
    "height": 720,
    "intrinsic_matrix": [
        914.211181640625,
        0,
        0,
        0,
        913.0206298828125,
        0,
        641.0192260742188,
        364.0742492675781,
        1
    ]
}