{
	"class_name" : "PinholeCameraParameters",
	"extrinsic" : 
	[
		0.7105932901235481,
		0.68166367465758315,
		-0.1743324716847432,
		0.0,
		0.22192012272488784,
		-0.45226048266393276,
		-0.86383558328559107,
		0.0,
		-0.66768902579057099,
		0.57514788574149123,
		-0.47264815070613675,
		0.0,
		-2.1684043449710089e-19,
		-2.1684043449710089e-19,
		0.0045385273055265213,
		1.0
	],
	"intrinsic" : 
	{
		"height" : 1080,
		"intrinsic_matrix" : 
		[
			935.30743608719376,
			0.0,
			0.0,
			0.0,
			935.30743608719376,
			0.0,
			959.5,
			539.5,
			1.0
		],
		"width" : 1920
	},
	"version_major" : 1,
	"version_minor" : 0
}